metric,mean,std,median,min,max,lower_95,upper_95
precision,0.719523,0.010026,0.719734,0.683445,0.755089,0.6997,0.739077
recall,0.692378,0.011196,0.692625,0.650737,0.728614,0.670206,0.714454
f1_score,0.705634,0.00866,0.705794,0.674043,0.73159,0.688504,0.72301
roc_auc,0.973126,0.002088,0.973175,0.96612,0.979736,0.968932,0.976921
pr_auc,0.746137,0.010082,0.74598,0.711536,0.776904,0.727381,0.766113
false_alarm_rate,0.009475,0.000446,0.009461,0.00797,0.011096,0.008633,0.010351
missed_failure_rate,0.307622,0.011196,0.307375,0.271386,0.349263,0.285546,0.329794
